s,t,o,h,l,c,v
ok,2024-01-02 09:30:00,1.9,1.9,1.9,1.9,193
ok,2024-01-02 10:00:00,1.9,1.9,1.9,1.9,1000
ok,2024-01-02 13:00:00,1.99,1.99,1.99,1.99,200
ok,2024-01-02 15:30:00,1.91,1.92,1.9,1.9,1208
ok,2024-01-03 18:00:00,1.92,1.92,1.92,1.92,161
ok,2024-01-04 09:30:00,1.9,1.9,1.9,1.9,125
ok,2024-01-04 10:00:00,1.9,1.9,1.9,1.9,312
ok,2024-01-04 15:00:00,1.95,1.95,1.95,1.95,796
ok,2024-01-04 15:30:00,1.9,1.9,1.9,1.9,418
ok,2024-01-05 09:30:00,1.9,1.9,1.9,1.9,498
ok,2024-01-05 11:00:00,1.9,1.9,1.9,1.9,170
ok,2024-01-05 13:30:00,1.91,1.91,1.91,1.91,800
ok,2024-01-08 10:00:00,1.99,1.99,1.99,1.99,300
ok,2024-01-10 13:00:00,1.95,1.95,1.95,1.95,327
ok,2024-01-10 15:00:00,1.91,1.91,1.91,1.91,100
ok,2024-01-11 09:30:00,1.85,1.95,1.85,1.95,600
ok,2024-01-11 10:30:00,1.87,1.96,1.85,1.96,4001
ok,2024-01-16 06:30:00,1.98,1.98,1.98,1.98,176
ok,2024-01-16 08:00:00,1.99,1.99,1.99,1.99,200
ok,2024-01-16 09:30:00,1.95,1.95,1.95,1.95,226
ok,2024-01-16 10:00:00,1.83,1.84,1.83,1.83,776
ok,2024-01-16 15:00:00,1.9,1.9,1.9,1.9,400
ok,2024-01-17 09:30:00,1.82,1.82,1.82,1.82,231
ok,2024-01-17 11:30:00,1.89,1.89,1.89,1.89,300
ok,2024-01-18 12:30:00,1.85,1.85,1.85,1.85,131
ok,2024-01-18 13:30:00,1.82,1.82,1.82,1.82,330
ok,2024-01-19 12:30:00,1.83,1.84,1.8,1.8,3370
ok,2024-01-19 14:00:00,1.8,1.8,1.8,1.8,1103
ok,2024-01-22 09:30:00,1.8,1.8,1.8,1.8,1142
ok,2024-01-22 10:00:00,1.85,1.9,1.81,1.81,5338
ok,2024-01-22 11:30:00,1.8,1.8,1.8,1.8,100
ok,2024-01-22 12:00:00,1.81,1.81,1.8,1.8,2722
ok,2024-01-22 12:30:00,1.8,1.85,1.8,1.85,2000
ok,2024-01-22 13:00:00,1.8,1.8,1.8,1.8,938
ok,2024-01-22 15:00:00,1.95,1.95,1.95,1.95,100
ok,2024-01-22 15:30:00,1.88,1.88,1.82,1.82,421
ok,2024-01-24 11:30:00,1.88,1.88,1.88,1.88,100
ok,2024-01-24 14:00:00,1.93,1.93,1.93,1.93,173
ok,2024-01-24 15:30:00,1.86,1.86,1.86,1.86,150
ok,2024-01-25 10:30:00,1.88,1.88,1.88,1.88,100
ok,2024-01-25 14:30:00,1.85,1.85,1.85,1.85,100
ok,2024-01-26 13:30:00,1.85,1.85,1.85,1.85,273
ok,2024-01-29 12:00:00,1.82,1.82,1.82,1.82,189
ok,2024-01-29 13:00:00,1.83,1.83,1.82,1.82,445
ok,2024-01-30 09:30:00,1.85,1.85,1.85,1.85,500
ok,2024-01-31 15:00:00,1.87,1.87,1.87,1.87,173
ok,2024-02-01 09:30:00,1.8,1.8,1.59,1.59,2282
ok,2024-02-01 10:30:00,1.88,1.88,1.88,1.88,167
ok,2024-02-01 11:30:00,1.78,1.78,1.78,1.78,314
ok,2024-02-01 13:30:00,1.81,1.81,1.81,1.81,2000
ok,2024-02-01 14:30:00,1.8,1.81,1.8,1.81,768
ok,2024-02-01 15:30:00,1.81,1.83,1.81,1.81,9270
ok,2024-02-02 11:00:00,1.84,1.84,1.84,1.84,500
ok,2024-02-02 14:30:00,1.76,1.76,1.75,1.75,3636
ok,2024-02-05 09:30:00,1.75,1.75,1.75,1.75,201
ok,2024-02-05 12:00:00,1.75,1.79,1.75,1.76,10234
ok,2024-02-05 13:30:00,1.75,1.78,1.75,1.78,900
ok,2024-02-05 15:30:00,1.75,1.75,1.75,1.75,206
ok,2024-02-06 15:30:00,1.76,1.76,1.76,1.76,267
ok,2024-02-07 09:30:00,1.78,1.78,1.78,1.78,200
ok,2024-02-07 10:30:00,1.79,1.79,1.79,1.79,400
ok,2024-02-07 11:30:00,1.79,1.79,1.79,1.79,200
ok,2024-02-07 12:30:00,1.79,1.79,1.79,1.79,200
ok,2024-02-07 15:30:00,1.79,1.79,1.79,1.79,255
ok,2024-02-08 15:00:00,1.76,1.76,1.76,1.76,109
ok,2024-02-08 15:30:00,1.77,1.77,1.77,1.77,240
ok,2024-02-09 11:00:00,1.76,1.76,1.76,1.76,132
ok,2024-02-09 12:30:00,1.76,1.76,1.76,1.76,319
ok,2024-02-09 13:00:00,1.8,1.81,1.77,1.81,7636
ok,2024-02-09 14:30:00,1.8,1.8,1.8,1.8,250
ok,2024-02-09 15:30:00,1.78,1.78,1.78,1.78,610
ok,2024-02-12 09:30:00,1.82,1.82,1.82,1.82,200
ok,2024-02-12 10:00:00,1.79,1.79,1.78,1.78,1800
ok,2024-02-12 10:30:00,1.78,1.78,1.78,1.78,397
ok,2024-02-12 11:00:00,1.78,1.78,1.78,1.78,726
ok,2024-02-12 11:30:00,1.8,1.8,1.8,1.8,100
ok,2024-02-12 15:00:00,1.8,1.8,1.8,1.8,302
ok,2024-02-12 15:30:00,1.8,1.81,1.8,1.81,896
ok,2024-02-13 06:30:00,1.88,1.88,1.87,1.87,1793
ok,2024-02-13 07:00:00,1.88,1.88,1.87,1.87,1111
ok,2024-02-13 08:30:00,1.88,1.88,1.88,1.88,150
ok,2024-02-13 09:00:00,1.87,2.0,1.83,1.83,2466
ok,2024-02-13 09:30:00,1.88,1.9,1.88,1.89,1373
ok,2024-02-13 10:00:00,1.89,1.89,1.89,1.89,201
ok,2024-02-13 10:30:00,1.9,1.9,1.9,1.9,222
ok,2024-02-13 11:00:00,1.89,1.89,1.89,1.89,447
ok,2024-02-13 12:00:00,1.9,1.9,1.9,1.9,100
ok,2024-02-13 12:30:00,1.88,1.89,1.88,1.88,1500
ok,2024-02-13 13:30:00,1.88,1.88,1.88,1.88,2250
ok,2024-02-13 14:00:00,1.88,1.88,1.88,1.88,1431
ok,2024-02-13 15:00:00,1.9,1.9,1.9,1.9,156
ok,2024-02-13 15:30:00,1.88,1.9,1.88,1.9,2739
ok,2024-02-14 12:30:00,1.8,1.8,1.8,1.8,100
ok,2024-02-14 14:00:00,1.85,1.85,1.85,1.85,400
ok,2024-02-14 14:30:00,1.81,1.81,1.81,1.81,282
ok,2024-02-14 15:30:00,1.81,1.81,1.81,1.81,231
ok,2024-02-15 10:00:00,1.81,1.81,1.81,1.81,104
ok,2024-02-16 14:00:00,1.81,1.81,1.81,1.81,1130
ok,2024-02-16 14:30:00,1.83,1.83,1.83,1.83,300
ok,2024-02-20 11:30:00,1.82,1.82,1.8,1.81,2660
ok,2024-02-20 12:00:00,1.8,1.81,1.8,1.8,2483
ok,2024-02-20 12:30:00,1.8,1.8,1.8,1.8,200
ok,2024-02-20 13:30:00,1.8,1.81,1.8,1.81,3950
ok,2024-02-20 14:00:00,1.8,1.8,1.8,1.8,2962
ok,2024-02-20 14:30:00,1.8,1.8,1.8,1.8,5589
ok,2024-02-21 09:30:00,1.8,1.82,1.8,1.82,1100
ok,2024-02-21 10:00:00,1.79,1.79,1.79,1.79,500
ok,2024-02-21 11:30:00,1.79,1.82,1.79,1.79,8300
ok,2024-02-21 13:00:00,1.82,1.82,1.82,1.82,500
ok,2024-02-21 13:30:00,1.83,1.83,1.83,1.83,126
ok,2024-02-21 15:30:00,1.76,1.76,1.75,1.75,4803
ok,2024-02-22 09:30:00,1.75,1.75,1.75,1.75,800
ok,2024-02-22 12:30:00,1.75,1.75,1.75,1.75,2500
ok,2024-02-22 13:00:00,1.77,1.77,1.75,1.75,1383
ok,2024-02-22 13:30:00,1.76,1.76,1.76,1.76,2000
ok,2024-02-22 14:00:00,1.76,1.78,1.76,1.76,8927
ok,2024-02-22 15:30:00,1.8,1.8,1.8,1.8,260
ok,2024-02-23 12:00:00,1.8,1.8,1.76,1.76,6460
ok,2024-02-23 12:30:00,1.76,1.76,1.76,1.76,220
ok,2024-02-23 13:00:00,1.82,1.82,1.82,1.82,200
ok,2024-02-23 14:30:00,1.76,1.79,1.76,1.79,1500
ok,2024-02-23 15:00:00,1.76,1.76,1.76,1.76,1525
ok,2024-02-23 15:30:00,1.76,1.76,1.76,1.76,200
ok,2024-02-26 09:30:00,1.72,1.72,1.72,1.72,751
ok,2024-02-26 10:00:00,1.75,1.75,1.75,1.75,300
ok,2024-02-26 12:30:00,1.79,1.79,1.79,1.79,300
ok,2024-02-26 13:30:00,1.78,1.78,1.78,1.78,158
ok,2024-02-26 15:00:00,1.78,1.82,1.78,1.82,1200
ok,2024-02-27 09:00:00,1.66,1.66,1.66,1.66,3177
ok,2024-02-28 09:00:00,1.8,1.8,1.8,1.8,104
ok,2024-02-28 10:00:00,1.72,1.72,1.72,1.72,100
ok,2024-02-28 10:30:00,1.73,1.73,1.73,1.73,201
ok,2024-02-28 11:30:00,1.77,1.77,1.77,1.77,1000
ok,2024-02-28 12:30:00,1.75,1.75,1.74,1.74,1201
ok,2024-02-28 13:00:00,1.74,1.75,1.74,1.75,1000
ok,2024-02-28 14:00:00,1.74,1.74,1.74,1.74,500
ok,2024-02-28 14:30:00,1.72,1.72,1.72,1.72,4592
ok,2024-02-28 15:00:00,1.72,1.72,1.72,1.72,173
ok,2024-02-28 15:30:00,1.72,1.73,1.72,1.73,290
ok,2024-02-29 09:30:00,1.73,1.73,1.71,1.73,2200
ok,2024-02-29 10:30:00,1.71,1.72,1.7,1.7,1661
ok,2024-02-29 11:00:00,1.72,1.72,1.7,1.72,1191
ok,2024-02-29 11:30:00,1.72,1.72,1.72,1.72,199
ok,2024-02-29 13:00:00,1.7,1.72,1.7,1.7,436
ok,2024-02-29 14:30:00,1.7,1.7,1.7,1.7,500
ok,2024-02-29 15:00:00,1.72,1.72,1.72,1.72,446
ok,2024-03-01 11:00:00,1.67,1.67,1.67,1.67,300
ok,2024-03-01 11:30:00,1.75,1.75,1.75,1.75,300
ok,2024-03-01 12:30:00,1.7,1.7,1.67,1.67,2150
ok,2024-03-01 13:00:00,1.67,1.69,1.67,1.69,700
ok,2024-03-01 13:30:00,1.69,1.69,1.69,1.69,100
ok,2024-03-01 14:00:00,1.72,1.72,1.72,1.72,1700
ok,2024-03-01 16:00:00,1.72,1.72,1.72,1.72,223
ok,2024-03-04 10:30:00,1.7,1.7,1.7,1.7,500
ok,2024-03-04 14:00:00,1.74,1.74,1.74,1.74,1039
ok,2024-03-04 14:30:00,1.66,1.66,1.66,1.66,175
ok,2024-03-04 15:00:00,1.65,1.65,1.65,1.65,1225
ok,2024-03-06 19:00:00,1.84,3.5,1.84,2.92,44501
ok,2024-03-06 19:30:00,2.92,3.48,2.8,3.4,18792
ok,2024-03-07 04:00:00,3.18,4.7,2.75,4.2,368869
ok,2024-03-07 04:30:00,4.11,5.5,3.8,4.01,895571
ok,2024-03-07 05:00:00,4.02,4.02,3.27,3.35,329170
ok,2024-03-07 05:30:00,3.35,3.92,3.29,3.43,227544
ok,2024-03-07 06:00:00,3.41,4.27,3.35,3.97,419129
ok,2024-03-07 06:30:00,3.98,5.0,3.81,3.95,964841
ok,2024-03-07 07:00:00,3.97,4.66,3.6,3.8,1507814
ok,2024-03-07 07:30:00,3.8,3.9,3.49,3.53,345225
ok,2024-03-07 08:00:00,4.4,4.59,3.03,3.38,687658
ok,2024-03-07 08:30:00,3.38,3.48,3.27,3.45,561025
ok,2024-03-07 09:00:00,3.45,3.65,3.21,3.3,526548
ok,2024-03-07 09:30:00,3.37,3.99,2.82,3.26,4761968
ok,2024-03-07 10:00:00,3.26,4.58,3.22,4.01,12081175
ok,2024-03-07 10:30:00,4.0,4.08,3.4,3.62,2914887
ok,2024-03-07 11:00:00,3.61,4.0,3.48,3.9,2252127
ok,2024-03-07 11:30:00,3.92,3.94,3.23,3.34,1292317
ok,2024-03-07 12:00:00,3.32,3.81,3.3,3.56,658881
ok,2024-03-07 12:30:00,3.55,3.76,3.31,3.36,658884
ok,2024-03-07 13:00:00,3.33,3.43,3.17,3.42,391533
ok,2024-03-07 13:30:00,3.43,4.32,3.39,4.18,1723927
ok,2024-03-07 14:00:00,4.18,5.96,4.13,4.72,9713916
ok,2024-03-07 14:30:00,4.7,5.3,4.43,4.85,3800069
ok,2024-03-07 15:00:00,4.85,5.07,3.6,3.97,2725855
ok,2024-03-07 15:30:00,3.97,4.69,3.71,4.57,1825030
ok,2024-03-07 16:00:00,4.59,4.6,4.1,4.22,154595
ok,2024-03-07 16:30:00,4.22,7.18,4.16,5.33,1104642
ok,2024-03-07 17:00:00,5.34,5.69,4.9,5.04,440908
ok,2024-03-07 17:30:00,5.04,5.31,4.55,4.85,166935
ok,2024-03-07 18:00:00,4.87,4.87,4.28,4.34,102810
ok,2024-03-07 18:30:00,4.34,4.64,4.2,4.5,84531
ok,2024-03-07 19:00:00,4.45,4.53,4.26,4.32,38870
ok,2024-03-07 19:30:00,4.32,4.4,4.21,4.27,43319
ok,2024-03-08 04:00:00,4.27,4.27,3.62,3.73,43850
ok,2024-03-08 04:30:00,3.83,4.07,3.68,3.87,25952
ok,2024-03-08 05:00:00,3.86,3.98,3.76,3.76,6772
ok,2024-03-08 05:30:00,3.8,3.8,3.66,3.8,14178
ok,2024-03-08 06:00:00,3.8,3.97,3.73,3.97,9549
ok,2024-03-08 06:30:00,3.96,4.29,3.96,4.22,13571
ok,2024-03-08 07:00:00,4.19,4.3,4.02,4.02,23509
ok,2024-03-08 07:30:00,4.02,4.18,3.68,3.78,37075
ok,2024-03-08 08:00:00,4.12,4.27,3.69,3.88,50156
ok,2024-03-08 08:30:00,3.87,3.9,3.82,3.82,24760
ok,2024-03-08 09:00:00,3.85,3.88,3.42,3.5,79697
ok,2024-03-08 09:30:00,3.5,3.83,3.41,3.6,382597
ok,2024-03-08 10:00:00,3.56,3.62,3.27,3.36,150642
ok,2024-03-08 10:30:00,3.36,3.56,3.32,3.56,71282
ok,2024-03-08 11:00:00,3.53,3.55,3.34,3.4,52495
ok,2024-03-08 11:30:00,3.46,3.5,3.32,3.5,23869
ok,2024-03-08 12:00:00,3.5,3.55,3.32,3.37,40747
ok,2024-03-08 12:30:00,3.37,3.45,3.37,3.45,33011
ok,2024-03-08 13:00:00,3.48,3.6,3.4,3.59,55234
ok,2024-03-08 13:30:00,3.59,3.59,3.4,3.48,24365
ok,2024-03-08 14:00:00,3.48,3.59,3.47,3.58,26493
ok,2024-03-08 14:30:00,3.59,3.75,3.41,3.66,31786
ok,2024-03-08 15:00:00,3.56,3.62,3.48,3.58,24246
ok,2024-03-08 15:30:00,3.6,3.85,3.56,3.82,103600
ok,2024-03-08 16:00:00,3.72,3.86,3.6,3.7,11166
ok,2024-03-08 16:30:00,3.7,3.7,3.7,3.7,1683
ok,2024-03-08 17:00:00,3.7,3.79,3.7,3.79,4412
ok,2024-03-08 17:30:00,3.79,3.79,3.7,3.7,2706
ok,2024-03-08 18:30:00,3.79,3.89,3.72,3.87,2197
ok,2024-03-08 19:00:00,3.8,3.8,3.53,3.53,1657
ok,2024-03-08 19:30:00,3.55,3.76,3.55,3.58,2595
ok,2024-03-11 03:00:00,3.44,3.44,3.1,3.1,5696
ok,2024-03-11 03:30:00,3.32,3.34,2.99,3.2,4924
ok,2024-03-11 04:00:00,3.21,3.21,3.21,3.21,600
ok,2024-03-11 04:30:00,3.3,3.3,3.27,3.27,375
ok,2024-03-11 05:00:00,3.4,3.48,3.4,3.48,2036
ok,2024-03-11 05:30:00,3.41,3.42,3.39,3.39,989
ok,2024-03-11 06:00:00,3.27,3.55,3.21,3.53,9856
ok,2024-03-11 06:30:00,3.53,3.53,3.53,3.53,200
ok,2024-03-11 07:00:00,3.5,3.68,3.29,3.52,6274
ok,2024-03-11 07:30:00,3.61,3.61,3.51,3.51,1647
ok,2024-03-11 08:00:00,3.67,3.8,3.64,3.8,8613
ok,2024-03-11 08:30:00,3.83,3.83,3.34,3.5,97364
ok,2024-03-11 09:00:00,3.5,3.54,3.15,3.34,48111
ok,2024-03-11 09:30:00,3.3,3.46,3.3,3.35,21574
ok,2024-03-11 10:00:00,3.33,3.4,3.22,3.25,24478
ok,2024-03-11 10:30:00,3.17,3.28,3.01,3.25,36092
ok,2024-03-11 11:00:00,3.16,3.25,3.05,3.13,31114
ok,2024-03-11 11:30:00,3.16,3.2,3.05,3.06,17183
ok,2024-03-11 12:00:00,3.06,3.1,3.0,3.09,31149
ok,2024-03-11 12:30:00,3.13,3.2,3.13,3.2,4183
ok,2024-03-11 13:00:00,3.2,3.2,3.13,3.2,10211
ok,2024-03-11 13:30:00,3.2,3.25,3.17,3.24,13128
ok,2024-03-11 14:00:00,3.25,3.28,3.22,3.23,11093
ok,2024-03-11 14:30:00,3.17,3.21,3.11,3.14,15754
ok,2024-03-11 15:00:00,3.16,3.2,3.16,3.2,320
ok,2024-03-11 15:30:00,3.16,3.16,3.16,3.16,230
ok,2024-03-11 16:00:00,3.11,3.11,3.11,3.11,212
ok,2024-03-11 17:00:00,3.12,3.18,3.12,3.18,1525
ok,2024-03-11 17:30:00,3.12,3.12,3.12,3.12,1397
ok,2024-03-11 18:00:00,3.2,3.23,3.2,3.23,1180
ok,2024-03-11 18:30:00,3.25,3.25,3.25,3.25,200
ok,2024-03-12 04:30:00,2.96,2.96,2.77,2.91,599
ok,2024-03-12 05:30:00,3.06,3.06,2.93,2.93,532
ok,2024-03-12 06:00:00,3.04,3.04,3.04,3.04,300
ok,2024-03-12 06:30:00,2.98,2.98,2.98,2.98,380
ok,2024-03-12 07:00:00,3.09,3.09,2.95,3.05,3324
ok,2024-03-12 07:30:00,3.01,3.01,2.93,2.95,584
ok,2024-03-12 08:00:00,2.97,2.99,2.97,2.99,1806
ok,2024-03-12 08:30:00,3.01,3.14,2.75,2.89,60157
ok,2024-03-12 09:00:00,2.85,2.85,2.76,2.79,30448
ok,2024-03-12 09:30:00,2.81,3.04,2.81,2.97,21417
ok,2024-03-12 10:00:00,2.96,2.99,2.78,2.9,16119
ok,2024-03-12 10:30:00,2.84,2.95,2.84,2.94,8910
ok,2024-03-12 11:00:00,2.9,2.92,2.87,2.92,4910
ok,2024-03-12 11:30:00,2.92,2.94,2.87,2.93,3589
ok,2024-03-12 12:00:00,2.94,2.99,2.94,2.99,1136
ok,2024-03-12 12:30:00,2.99,3.0,2.9,2.9,9510
ok,2024-03-12 13:00:00,2.91,2.97,2.87,2.92,4351
ok,2024-03-12 13:30:00,2.92,2.97,2.87,2.87,1806
ok,2024-03-12 14:00:00,2.93,2.97,2.87,2.93,4172
ok,2024-03-12 14:30:00,2.94,2.99,2.92,2.95,13644
ok,2024-03-12 15:30:00,2.9,2.9,2.9,2.9,105
ok,2024-03-12 16:00:00,2.9,2.9,2.9,2.9,150
ok,2024-03-12 17:30:00,2.92,3.07,2.92,3.07,1401
ok,2024-03-12 18:30:00,3.06,3.06,3.06,3.06,700
ok,2024-03-13 04:30:00,2.86,2.86,2.86,2.86,500
ok,2024-03-13 07:30:00,2.9,2.9,2.9,2.9,350
ok,2024-03-13 08:00:00,2.9,2.9,2.9,2.9,484
ok,2024-03-13 08:30:00,2.9,2.92,2.8,2.81,8264
ok,2024-03-13 09:00:00,2.84,2.85,2.65,2.69,42089
ok,2024-03-13 09:30:00,2.68,2.7,2.4,2.5,33608
ok,2024-03-13 10:00:00,2.5,2.55,2.5,2.53,5092
ok,2024-03-13 10:30:00,2.56,2.85,2.52,2.85,10132
ok,2024-03-13 11:00:00,2.61,2.87,2.61,2.84,4243
ok,2024-03-13 11:30:00,2.83,2.83,2.62,2.73,3208
ok,2024-03-13 12:00:00,2.72,2.85,2.7,2.85,4292
ok,2024-03-13 12:30:00,2.85,2.85,2.73,2.85,6441
ok,2024-03-13 13:00:00,2.85,2.85,2.77,2.85,3362
ok,2024-03-13 13:30:00,2.84,2.85,2.76,2.85,1204
ok,2024-03-13 14:00:00,2.76,2.85,2.73,2.83,2246
ok,2024-03-13 14:30:00,2.79,2.83,2.75,2.82,11352
ok,2024-03-13 15:30:00,2.73,2.73,2.73,2.73,376
ok,2024-03-13 16:00:00,2.82,2.82,2.73,2.73,1545
ok,2024-03-13 16:30:00,2.68,2.68,2.68,2.68,1333
ok,2024-03-13 17:00:00,2.76,2.76,2.76,2.76,100
ok,2024-03-13 18:30:00,2.76,2.76,2.76,2.76,400
ok,2024-03-14 03:30:00,2.75,2.76,2.75,2.76,1200
ok,2024-03-14 05:30:00,2.61,2.61,2.54,2.55,460
ok,2024-03-14 06:00:00,2.82,2.82,2.62,2.62,1010
ok,2024-03-14 07:00:00,2.76,2.76,2.76,2.76,1002
ok,2024-03-14 08:30:00,2.73,2.8,2.7,2.77,15500
ok,2024-03-14 09:00:00,2.73,2.73,2.68,2.7,1500
ok,2024-03-14 09:30:00,2.71,2.75,2.6,2.6,7215
ok,2024-03-14 10:00:00,2.64,2.64,2.55,2.55,3413
ok,2024-03-14 10:30:00,2.55,2.78,2.54,2.78,2668
ok,2024-03-14 11:00:00,2.54,2.65,2.54,2.65,2450
ok,2024-03-14 11:30:00,2.56,2.66,2.56,2.57,4975
ok,2024-03-14 12:00:00,2.58,2.58,2.58,2.58,219
ok,2024-03-14 12:30:00,2.61,2.69,2.61,2.66,4445
ok,2024-03-14 13:00:00,2.69,2.74,2.66,2.69,2968
ok,2024-03-14 13:30:00,2.69,2.69,2.67,2.69,1593
ok,2024-03-14 14:00:00,2.7,2.81,2.67,2.77,9272
ok,2024-03-14 14:30:00,2.77,2.85,2.77,2.82,13557
ok,2024-03-14 16:00:00,2.94,2.94,2.94,2.94,150
ok,2024-03-14 18:30:00,2.8,2.8,2.8,2.8,700
ok,2024-03-15 03:30:00,2.84,2.84,2.84,2.84,100
ok,2024-03-15 08:30:00,2.61,2.8,2.61,2.72,2467
ok,2024-03-15 09:00:00,2.71,2.8,2.71,2.79,4065
ok,2024-03-15 09:30:00,2.76,2.79,2.74,2.79,3123
ok,2024-03-15 10:00:00,2.79,2.81,2.79,2.81,1433
ok,2024-03-15 10:30:00,2.81,2.81,2.81,2.81,203
ok,2024-03-15 11:00:00,2.77,2.89,2.76,2.87,12800
ok,2024-03-15 11:30:00,2.82,2.88,2.82,2.84,6200
ok,2024-03-15 12:00:00,2.84,2.99,2.82,2.99,19683
ok,2024-03-15 12:30:00,2.98,2.99,2.82,2.83,19908
ok,2024-03-15 13:00:00,2.83,2.89,2.83,2.88,4800
ok,2024-03-15 13:30:00,2.88,2.92,2.88,2.9,4550
ok,2024-03-15 14:00:00,2.86,2.86,2.83,2.86,914
ok,2024-03-15 14:30:00,2.83,2.9,2.83,2.83,4715
ok,2024-03-15 18:00:00,2.79,2.86,2.75,2.86,3245
ok,2024-03-18 07:00:00,2.71,2.72,2.71,2.72,223
ok,2024-03-18 08:30:00,2.75,2.85,2.72,2.8,9869
ok,2024-03-18 09:00:00,2.77,2.79,2.72,2.72,3856
ok,2024-03-18 10:00:00,2.75,2.75,2.74,2.74,773
ok,2024-03-18 10:30:00,2.75,2.75,2.74,2.74,1853
ok,2024-03-18 11:00:00,2.77,2.78,2.77,2.78,675
ok,2024-03-18 11:30:00,2.79,2.8,2.78,2.8,4778
ok,2024-03-18 12:00:00,2.77,2.84,2.77,2.84,1510
ok,2024-03-18 12:30:00,2.89,2.89,2.82,2.82,2899
ok,2024-03-18 13:00:00,2.8,2.8,2.78,2.78,4600
ok,2024-03-18 13:30:00,2.77,2.77,2.75,2.75,816
ok,2024-03-18 14:30:00,2.73,2.78,2.73,2.74,2108
ok,2024-03-18 15:30:00,2.71,2.71,2.71,2.71,211
ok,2024-03-18 18:00:00,2.71,2.71,2.71,2.71,500
ok,2024-03-19 04:30:00,2.66,2.66,2.66,2.66,100
ok,2024-03-19 05:30:00,2.72,2.72,2.72,2.72,168
ok,2024-03-19 08:30:00,2.76,2.77,2.71,2.72,7502
ok,2024-03-19 09:00:00,2.69,2.7,2.68,2.68,1513
ok,2024-03-19 09:30:00,2.72,2.73,2.65,2.65,11146
ok,2024-03-19 10:00:00,2.68,2.68,2.51,2.54,10096
ok,2024-03-19 10:30:00,2.59,2.6,2.59,2.6,760
ok,2024-03-19 11:30:00,2.61,2.69,2.61,2.62,950
ok,2024-03-19 12:30:00,2.64,2.64,2.63,2.63,1624
ok,2024-03-19 13:30:00,2.67,2.67,2.67,2.67,275
ok,2024-03-19 14:00:00,2.64,2.64,2.64,2.64,100
ok,2024-03-19 14:30:00,2.64,2.7,2.64,2.66,4648
ok,2024-03-20 08:30:00,2.65,2.65,2.53,2.61,8011
ok,2024-03-20 09:00:00,2.65,2.65,2.56,2.65,8292
ok,2024-03-20 09:30:00,2.64,2.71,2.59,2.59,12330
ok,2024-03-20 10:30:00,2.59,2.59,2.59,2.59,1101
ok,2024-03-20 11:00:00,2.56,2.56,2.53,2.53,388
ok,2024-03-20 11:30:00,2.52,2.56,2.52,2.56,810
ok,2024-03-20 12:00:00,2.69,2.69,2.6,2.6,413
ok,2024-03-20 13:30:00,2.57,2.64,2.57,2.64,1508
ok,2024-03-20 14:30:00,2.59,2.62,2.59,2.62,2520
ok,2024-03-20 15:00:00,2.6,2.6,2.6,2.6,350
ok,2024-03-20 17:30:00,2.59,2.59,2.55,2.55,1381
ok,2024-03-21 07:30:00,2.67,2.67,2.67,2.67,1333
ok,2024-03-21 08:30:00,2.57,2.66,2.57,2.64,7671
ok,2024-03-21 09:00:00,2.61,2.64,2.61,2.64,1400
ok,2024-03-21 09:30:00,2.64,2.64,2.61,2.63,850
ok,2024-03-21 10:00:00,2.64,2.64,2.56,2.56,4741
ok,2024-03-21 11:00:00,2.57,2.57,2.57,2.57,100
ok,2024-03-21 11:30:00,2.56,2.56,2.56,2.56,291
ok,2024-03-21 12:30:00,2.57,2.61,2.57,2.58,3012
ok,2024-03-21 13:00:00,2.56,2.56,2.56,2.56,1150
ok,2024-03-21 13:30:00,2.56,2.59,2.56,2.58,1667
ok,2024-03-21 14:00:00,2.6,2.6,2.6,2.6,700
ok,2024-03-21 14:30:00,2.56,2.61,2.56,2.56,2597
ok,2024-03-22 07:30:00,2.65,2.65,2.65,2.65,383
ok,2024-03-22 08:30:00,2.53,2.64,2.53,2.62,4855
ok,2024-03-22 09:00:00,2.63,2.63,2.61,2.61,1900
ok,2024-03-22 10:00:00,2.62,2.62,2.62,2.62,1030
ok,2024-03-22 11:00:00,2.63,2.63,2.6,2.6,400
ok,2024-03-22 11:30:00,2.6,2.6,2.6,2.6,415
ok,2024-03-22 12:00:00,2.6,2.6,2.6,2.6,2555
ok,2024-03-22 12:30:00,2.6,2.6,2.52,2.52,6885
ok,2024-03-22 13:00:00,2.59,2.61,2.53,2.61,1900
ok,2024-03-22 14:00:00,2.54,2.54,2.53,2.53,1200
ok,2024-03-25 07:30:00,2.63,2.63,2.63,2.63,200
ok,2024-03-25 08:30:00,2.6,2.78,2.6,2.78,15177
ok,2024-03-25 09:00:00,2.73,2.73,2.64,2.69,3973
ok,2024-03-25 09:30:00,2.65,2.65,2.6,2.64,1068
ok,2024-03-25 10:00:00,2.63,2.65,2.6,2.6,1723
ok,2024-03-25 10:30:00,2.6,2.6,2.6,2.6,250
ok,2024-03-25 12:00:00,2.65,2.65,2.65,2.65,100
ok,2024-03-25 12:30:00,2.7,2.7,2.7,2.7,1100
ok,2024-03-25 13:00:00,2.66,2.66,2.66,2.66,134
ok,2024-03-25 14:00:00,2.61,2.61,2.61,2.61,151
ok,2024-03-25 14:30:00,2.65,2.68,2.61,2.61,7630
ok,2024-03-25 15:00:00,2.6,2.6,2.6,2.6,923
ok,2024-03-26 04:00:00,2.48,2.48,2.48,2.48,230
ok,2024-03-26 06:00:00,2.7,2.7,2.7,2.7,478
ok,2024-03-26 07:00:00,2.71,2.71,2.71,2.71,751
ok,2024-03-26 08:30:00,2.63,2.65,2.63,2.63,3110
ok,2024-03-26 09:30:00,2.65,2.65,2.65,2.65,1300
ok,2024-03-26 10:00:00,2.65,2.65,2.65,2.65,1277
ok,2024-03-26 11:00:00,2.66,2.66,2.66,2.66,1000
ok,2024-03-26 11:30:00,2.7,2.7,2.7,2.7,200
ok,2024-03-26 12:00:00,2.66,2.69,2.66,2.68,869
ok,2024-03-26 13:00:00,2.7,2.7,2.7,2.7,1000
ok,2024-03-26 14:00:00,2.68,2.7,2.68,2.68,3842
ok,2024-03-26 14:30:00,2.7,2.8,2.68,2.76,14543
ok,2024-03-27 06:30:00,2.81,2.81,2.81,2.81,102
ok,2024-03-27 07:00:00,2.8,2.8,2.8,2.8,1000
ok,2024-03-27 08:00:00,2.82,2.82,2.82,2.82,430
ok,2024-03-27 08:30:00,2.77,2.8,2.68,2.8,2358
ok,2024-03-27 09:00:00,2.78,2.8,2.78,2.8,278
ok,2024-03-27 09:30:00,2.75,2.78,2.75,2.78,2132
ok,2024-03-27 10:00:00,2.75,2.79,2.75,2.79,243
ok,2024-03-27 10:30:00,2.76,2.76,2.75,2.75,501
ok,2024-03-27 12:00:00,2.76,2.78,2.76,2.77,1553
ok,2024-03-27 12:30:00,2.78,2.78,2.75,2.75,1115
ok,2024-03-27 13:00:00,2.78,2.78,2.78,2.78,1059
ok,2024-03-27 13:30:00,2.78,2.78,2.78,2.78,150
ok,2024-03-27 14:00:00,2.75,2.75,2.75,2.75,1550
ok,2024-03-27 14:30:00,2.76,2.78,2.75,2.78,653
ok,2024-03-27 15:00:00,2.64,2.64,2.64,2.64,3351
ok,2024-03-27 15:30:00,2.64,2.64,2.64,2.64,100
ok,2024-03-27 17:00:00,2.64,2.64,2.64,2.64,117
ok,2024-03-27 17:30:00,2.78,2.78,2.78,2.78,600
ok,2024-03-28 06:00:00,2.54,2.54,2.53,2.53,500
ok,2024-03-28 07:00:00,2.54,2.54,2.54,2.54,141
ok,2024-03-28 08:00:00,2.66,2.66,2.66,2.66,542
ok,2024-03-28 08:30:00,2.74,2.74,2.61,2.7,7232
ok,2024-03-28 09:00:00,2.69,2.74,2.61,2.61,8050
ok,2024-03-28 10:00:00,2.61,2.64,2.61,2.64,310
ok,2024-03-28 10:30:00,2.63,2.63,2.63,2.63,150
ok,2024-03-28 11:00:00,2.65,2.68,2.65,2.68,785
ok,2024-03-28 11:30:00,2.68,2.68,2.68,2.68,1000
ok,2024-03-28 12:00:00,2.64,2.64,2.64,2.64,400
ok,2024-03-28 13:00:00,2.64,2.64,2.64,2.64,100
ok,2024-03-28 13:30:00,2.64,2.64,2.63,2.63,2937
ok,2024-03-28 14:00:00,2.63,2.64,2.6,2.6,1223
ok,2024-03-28 14:30:00,2.58,2.64,2.58,2.63,2337
ok,2024-03-28 15:00:00,2.56,2.56,2.56,2.56,1000
ok,2024-03-28 16:00:00,2.64,2.64,2.64,2.64,142
ok,2024-03-28 16:30:00,2.64,2.64,2.64,2.64,500
ok,2024-04-01 08:30:00,2.55,2.64,2.55,2.55,5585
ok,2024-04-01 09:00:00,2.64,2.68,2.55,2.56,11907
ok,2024-04-01 09:30:00,2.56,2.57,2.56,2.57,1100
ok,2024-04-01 10:00:00,2.65,2.65,2.65,2.65,788
ok,2024-04-01 10:30:00,2.59,2.59,2.59,2.59,5065
ok,2024-04-01 11:30:00,2.63,2.63,2.62,2.62,1100
ok,2024-04-01 12:30:00,2.58,2.58,2.58,2.58,100
ok,2024-04-01 13:30:00,2.57,2.57,2.57,2.57,281
ok,2024-04-01 14:00:00,2.63,2.65,2.61,2.64,2298
ok,2024-04-01 14:30:00,2.64,2.68,2.61,2.61,1292
ok,2024-04-02 07:00:00,2.65,2.65,2.65,2.65,215
ok,2024-04-02 08:00:00,2.69,2.7,2.69,2.7,425
ok,2024-04-02 08:30:00,2.75,2.79,2.71,2.71,12763
ok,2024-04-02 09:00:00,2.75,2.75,2.65,2.68,6106
ok,2024-04-02 09:30:00,2.7,2.7,2.68,2.69,2714
ok,2024-04-02 10:30:00,2.66,2.66,2.66,2.66,224
ok,2024-04-02 11:30:00,2.69,2.69,2.69,2.69,102
ok,2024-04-02 13:00:00,2.74,2.75,2.7,2.7,376
ok,2024-04-02 13:30:00,2.74,2.74,2.74,2.74,225
ok,2024-04-02 14:00:00,2.73,2.74,2.73,2.74,4368
ok,2024-04-02 14:30:00,2.7,2.73,2.7,2.7,1337
ok,2024-04-03 10:00:00,2.73,2.79,2.73,2.79,1794
ok,2024-04-03 10:30:00,2.72,2.72,2.72,2.72,500
ok,2024-04-03 11:00:00,2.71,2.72,2.71,2.72,771
ok,2024-04-03 12:30:00,2.71,2.71,2.71,2.71,100
ok,2024-04-03 13:00:00,2.7,2.7,2.7,2.7,203
ok,2024-04-03 13:30:00,2.67,2.75,2.67,2.75,486
ok,2024-04-03 14:00:00,2.71,2.71,2.71,2.71,100
ok,2024-04-03 14:30:00,2.75,2.75,2.71,2.71,6290
ok,2024-04-04 07:30:00,2.66,2.66,2.66,2.66,601
ok,2024-04-04 08:00:00,2.68,2.68,2.68,2.68,100
ok,2024-04-04 08:30:00,2.68,2.68,2.63,2.65,2020
ok,2024-04-04 09:30:00,2.63,2.63,2.63,2.63,200
ok,2024-04-04 10:00:00,2.63,2.63,2.63,2.63,230
ok,2024-04-04 10:30:00,2.66,2.66,2.66,2.66,100
ok,2024-04-04 11:30:00,2.68,2.68,2.68,2.68,100
ok,2024-04-04 13:30:00,2.66,2.69,2.66,2.69,2233
ok,2024-04-04 14:00:00,2.66,2.69,2.66,2.66,1134
ok,2024-04-04 14:30:00,2.66,2.69,2.66,2.66,951
ok,2024-04-05 08:30:00,2.62,2.62,2.61,2.61,319
ok,2024-04-05 09:00:00,2.63,2.68,2.63,2.68,391
ok,2024-04-05 09:30:00,2.65,2.68,2.65,2.68,1947
ok,2024-04-05 10:30:00,2.68,2.68,2.68,2.68,700
ok,2024-04-05 11:00:00,2.68,2.68,2.68,2.68,875
ok,2024-04-05 12:30:00,2.62,2.62,2.62,2.62,240
ok,2024-04-05 13:30:00,2.64,2.64,2.64,2.64,750
ok,2024-04-05 14:30:00,2.63,2.64,2.63,2.64,3224
ok,2024-04-08 06:00:00,2.58,2.58,2.58,2.58,170
ok,2024-04-08 08:30:00,2.65,2.7,2.65,2.7,3572
ok,2024-04-08 09:00:00,2.74,2.75,2.74,2.75,500
ok,2024-04-08 09:30:00,2.74,2.74,2.74,2.74,300
ok,2024-04-08 10:30:00,2.77,2.77,2.77,2.77,230
ok,2024-04-08 11:00:00,2.76,2.77,2.76,2.77,400
ok,2024-04-08 11:30:00,2.74,2.74,2.74,2.74,100
ok,2024-04-08 12:00:00,2.76,2.76,2.76,2.76,351
ok,2024-04-08 12:30:00,2.76,2.77,2.75,2.75,702
ok,2024-04-08 13:00:00,2.75,2.77,2.75,2.77,542
ok,2024-04-08 13:30:00,2.77,2.77,2.77,2.77,351
ok,2024-04-08 14:00:00,2.77,2.8,2.75,2.79,11664
ok,2024-04-08 14:30:00,2.8,2.8,2.72,2.72,1709
ok,2024-04-09 07:30:00,2.8,2.8,2.8,2.8,917
ok,2024-04-09 08:30:00,2.8,2.8,2.77,2.77,1600
ok,2024-04-09 09:00:00,2.8,2.89,2.77,2.85,17069
ok,2024-04-09 09:30:00,2.85,2.85,2.85,2.85,211
ok,2024-04-09 10:00:00,2.79,2.8,2.79,2.79,1417
ok,2024-04-09 10:30:00,2.8,2.8,2.79,2.79,952
ok,2024-04-09 11:00:00,2.78,2.78,2.78,2.78,100
ok,2024-04-09 12:00:00,2.75,2.75,2.75,2.75,141
ok,2024-04-09 12:30:00,2.75,2.8,2.75,2.76,1509
ok,2024-04-09 13:00:00,2.76,2.77,2.76,2.77,220
ok,2024-04-09 13:30:00,2.76,2.76,2.71,2.71,390
ok,2024-04-09 14:00:00,2.7,2.71,2.7,2.71,500
ok,2024-04-09 14:30:00,2.76,2.76,2.76,2.76,200
ok,2024-04-09 18:00:00,2.85,3.3,2.85,3.05,19304
ok,2024-04-09 18:30:00,3.01,3.2,3.0,3.2,3490
ok,2024-04-10 03:00:00,3.2,3.2,3.05,3.05,2719
ok,2024-04-10 04:00:00,3.2,3.2,3.2,3.2,345
ok,2024-04-10 04:30:00,3.19,3.19,2.92,2.92,4205
ok,2024-04-10 05:00:00,3.06,3.06,2.96,3.0,3611
ok,2024-04-10 05:30:00,3.0,3.08,2.97,3.0,2018
ok,2024-04-10 06:00:00,3.02,3.02,3.01,3.01,542
ok,2024-04-10 06:30:00,2.99,2.99,2.99,2.99,505
ok,2024-04-10 07:00:00,2.99,3.08,2.97,3.08,4595
ok,2024-04-10 07:30:00,2.91,3.01,2.91,3.01,563
ok,2024-04-10 08:00:00,2.9,2.9,2.9,2.9,154
ok,2024-04-10 08:30:00,2.95,2.99,2.82,2.95,17186
ok,2024-04-10 09:00:00,2.98,3.0,2.92,2.97,10364
ok,2024-04-10 09:30:00,2.98,2.99,2.95,2.98,4475
ok,2024-04-10 10:00:00,2.98,3.09,2.98,3.02,11339
ok,2024-04-10 10:30:00,3.0,3.03,2.99,3.01,5370
ok,2024-04-10 11:00:00,2.97,3.0,2.95,2.95,4532
ok,2024-04-10 11:30:00,2.9,2.91,2.86,2.89,2388
ok,2024-04-10 12:00:00,2.88,2.88,2.84,2.87,2830
ok,2024-04-10 12:30:00,2.89,2.89,2.87,2.89,1361
ok,2024-04-10 13:30:00,2.89,2.94,2.89,2.94,4004
ok,2024-04-10 14:00:00,2.95,2.98,2.92,2.98,3185
ok,2024-04-10 14:30:00,2.96,2.98,2.95,2.95,2288
ok,2024-04-11 07:00:00,2.65,2.65,2.65,2.65,292
ok,2024-04-11 07:30:00,2.85,2.85,2.82,2.82,578
ok,2024-04-11 08:30:00,2.88,2.88,2.8,2.8,877
ok,2024-04-11 09:00:00,2.88,2.88,2.81,2.81,2806
ok,2024-04-11 09:30:00,2.82,2.84,2.81,2.84,1625
ok,2024-04-11 10:00:00,2.81,2.82,2.81,2.82,518
ok,2024-04-11 10:30:00,2.89,2.89,2.89,2.89,101
ok,2024-04-11 11:30:00,2.81,2.82,2.81,2.82,224
ok,2024-04-11 12:30:00,2.87,2.87,2.87,2.87,1300
ok,2024-04-11 13:30:00,2.83,2.88,2.82,2.88,334
ok,2024-04-11 14:00:00,2.88,2.88,2.88,2.88,275
ok,2024-04-11 14:30:00,2.88,2.88,2.82,2.85,1320
ok,2024-04-12 06:00:00,2.76,2.76,2.76,2.76,105
ok,2024-04-12 07:00:00,2.76,2.76,2.76,2.76,300
ok,2024-04-12 08:30:00,2.82,2.82,2.78,2.78,1837
ok,2024-04-12 09:00:00,2.8,2.8,2.8,2.8,180
ok,2024-04-12 09:30:00,2.8,2.83,2.76,2.76,1060
ok,2024-04-12 11:30:00,2.81,2.81,2.78,2.78,1151
ok,2024-04-12 12:30:00,2.78,2.78,2.78,2.78,220
ok,2024-04-12 13:00:00,2.78,2.78,2.78,2.78,201
ok,2024-04-12 13:30:00,2.79,2.79,2.79,2.79,176
ok,2024-04-12 14:00:00,2.76,2.76,2.75,2.75,1194
ok,2024-04-12 14:30:00,2.7,2.81,2.65,2.65,5312
ok,2024-04-15 08:30:00,2.74,2.74,2.58,2.61,3906
ok,2024-04-15 09:00:00,2.62,2.63,2.62,2.63,400
ok,2024-04-15 09:30:00,2.63,2.63,2.63,2.63,125
ok,2024-04-15 12:00:00,2.63,2.63,2.63,2.63,210
ok,2024-04-15 12:30:00,2.63,2.63,2.63,2.63,100
ok,2024-04-15 13:00:00,2.68,2.68,2.67,2.67,800
ok,2024-04-15 14:00:00,2.61,2.61,2.61,2.61,1000
ok,2024-04-15 14:30:00,2.57,2.6,2.57,2.59,1317
ok,2024-04-16 08:30:00,2.5,2.58,2.15,2.3,26099
ok,2024-04-16 09:00:00,2.3,2.45,2.3,2.45,3400
ok,2024-04-16 09:30:00,2.34,2.34,2.34,2.34,2000
ok,2024-04-16 10:00:00,2.37,2.37,2.37,2.37,249
ok,2024-04-16 10:30:00,2.37,2.4,2.37,2.38,774
ok,2024-04-16 11:00:00,2.36,2.36,2.35,2.36,1527
ok,2024-04-16 11:30:00,2.35,2.35,2.31,2.31,450
ok,2024-04-16 12:00:00,2.39,2.39,2.33,2.33,405
ok,2024-04-16 12:30:00,2.31,2.36,2.31,2.36,4952
ok,2024-04-16 13:00:00,2.36,2.4,2.36,2.4,326
ok,2024-04-16 13:30:00,2.4,2.4,2.37,2.37,5172
ok,2024-04-16 14:00:00,2.33,2.4,2.33,2.4,716
ok,2024-04-16 14:30:00,2.37,2.42,2.37,2.4,4241
ok,2024-04-17 08:30:00,2.4,2.4,2.4,2.4,100
ok,2024-04-17 11:00:00,2.41,2.42,2.41,2.41,603
ok,2024-04-17 12:30:00,2.41,2.41,2.41,2.41,396
ok,2024-04-18 08:30:00,2.45,2.45,2.45,2.45,1200
ok,2024-04-18 09:00:00,2.44,2.45,2.44,2.45,2100
ok,2024-04-18 09:30:00,2.45,2.45,2.42,2.42,385
ok,2024-04-18 10:00:00,2.42,2.45,2.42,2.45,661
ok,2024-04-18 10:30:00,2.45,2.45,2.45,2.45,100
ok,2024-04-18 11:30:00,2.45,2.45,2.45,2.45,100
ok,2024-04-18 12:00:00,2.46,2.46,2.43,2.43,400
ok,2024-04-18 13:00:00,2.46,2.46,2.46,2.46,212
ok,2024-04-18 13:30:00,2.46,2.47,2.46,2.46,528
ok,2024-04-18 14:00:00,2.46,2.46,2.46,2.46,100
ok,2024-04-18 14:30:00,2.45,2.46,2.42,2.46,2858
ok,2024-04-19 08:30:00,2.42,2.52,2.3,2.3,8500
ok,2024-04-19 11:00:00,2.35,2.35,2.32,2.35,2155
ok,2024-04-19 11:30:00,2.32,2.4,2.32,2.4,3933
ok,2024-04-19 12:30:00,2.31,2.31,2.3,2.3,300
ok,2024-04-19 13:30:00,2.3,2.3,2.3,2.3,100
ok,2024-04-19 14:00:00,2.3,2.3,2.3,2.3,200
ok,2024-04-19 14:30:00,2.31,2.37,2.27,2.31,5700
ok,2024-04-22 08:30:00,2.4,2.49,2.4,2.48,3523
ok,2024-04-22 09:00:00,2.46,2.46,2.46,2.46,550
ok,2024-04-22 09:30:00,2.44,2.44,2.43,2.43,350
ok,2024-04-22 11:00:00,2.43,2.44,2.41,2.44,550
ok,2024-04-22 11:30:00,2.44,2.46,2.44,2.46,633
ok,2024-04-22 12:00:00,2.41,2.41,2.41,2.41,100
ok,2024-04-22 12:30:00,2.46,2.5,2.46,2.5,1585
ok,2024-04-22 13:30:00,2.65,2.65,2.64,2.64,463
ok,2024-04-22 14:00:00,2.6,2.65,2.6,2.65,2000
ok,2024-04-22 14:30:00,2.6,2.6,2.6,2.6,250
ok,2024-04-23 09:00:00,2.57,2.57,2.54,2.54,200
ok,2024-04-23 11:30:00,2.5,2.5,2.5,2.5,801
ok,2024-04-23 12:00:00,2.48,2.48,2.48,2.48,150
ok,2024-04-23 12:30:00,2.47,2.47,2.47,2.47,100
ok,2024-04-23 13:00:00,2.46,2.46,2.46,2.46,143
ok,2024-04-24 08:30:00,2.51,2.51,2.51,2.51,103
ok,2024-04-24 09:00:00,2.44,2.52,2.43,2.43,700
ok,2024-04-24 14:30:00,2.49,2.49,2.49,2.49,100
ok,2024-04-25 06:30:00,2.5,2.5,2.5,2.5,331
ok,2024-04-25 10:30:00,2.42,2.42,2.42,2.42,100
ok,2024-04-25 13:30:00,2.42,2.42,2.42,2.42,125
ok,2024-04-25 14:00:00,2.43,2.43,2.37,2.37,2193
ok,2024-04-25 14:30:00,2.43,2.43,2.43,2.43,100
ok,2024-04-26 10:00:00,2.58,2.58,2.58,2.58,136
ok,2024-04-26 11:00:00,2.52,2.65,2.52,2.64,4390
ok,2024-04-26 11:30:00,2.64,2.64,2.64,2.64,264
ok,2024-04-26 13:00:00,2.55,2.55,2.55,2.55,150
ok,2024-04-26 14:30:00,2.52,2.64,2.51,2.64,3227
ok,2024-04-26 15:00:00,2.63,2.63,2.63,2.63,189
ok,2024-04-29 08:30:00,2.56,2.56,2.51,2.51,1684
ok,2024-04-29 09:00:00,2.51,2.56,2.45,2.56,1700
ok,2024-04-29 09:30:00,2.46,2.46,2.46,2.46,100
ok,2024-04-29 10:30:00,2.55,2.57,2.55,2.57,1038
ok,2024-04-29 11:30:00,2.63,2.63,2.63,2.63,500
ok,2024-04-29 12:00:00,2.57,2.57,2.57,2.57,100
ok,2024-04-29 13:00:00,2.57,2.6,2.47,2.47,1617
ok,2024-04-29 14:00:00,2.49,2.49,2.41,2.42,3019
ok,2024-04-29 14:30:00,2.52,2.52,2.52,2.52,200
ok,2024-04-29 17:30:00,2.45,2.45,2.45,2.45,106
ok,2024-04-30 08:30:00,2.42,2.42,2.42,2.42,184
ok,2024-04-30 09:00:00,2.42,2.42,2.41,2.41,802
ok,2024-04-30 09:30:00,2.49,2.49,2.49,2.49,1000
ok,2024-04-30 11:00:00,2.36,2.36,2.36,2.36,100
ok,2024-04-30 12:00:00,2.51,2.51,2.51,2.51,300
ok,2024-04-30 14:30:00,2.4,2.42,2.22,2.22,3228
ok,2024-05-01 08:30:00,2.32,2.32,2.32,2.32,1174
ok,2024-05-01 09:00:00,2.33,2.4,2.32,2.4,1550
ok,2024-05-01 09:30:00,2.42,2.43,2.35,2.35,3900
ok,2024-05-01 10:30:00,2.4,2.4,2.4,2.4,200
ok,2024-05-01 11:00:00,2.42,2.44,2.42,2.44,997
ok,2024-05-01 14:30:00,2.43,2.43,2.43,2.43,147
ok,2024-05-02 12:00:00,2.53,2.53,2.53,2.53,474
ok,2024-05-02 13:00:00,2.55,2.55,2.55,2.55,222
ok,2024-05-02 13:30:00,2.54,2.54,2.54,2.54,1090
ok,2024-05-03 10:00:00,2.54,2.54,2.54,2.54,107
ok,2024-05-03 11:30:00,2.49,2.49,2.49,2.49,596
ok,2024-05-03 14:00:00,2.48,2.5,2.48,2.5,200
ok,2024-05-03 14:30:00,2.5,2.52,2.5,2.52,3927
ok,2024-05-06 08:30:00,2.54,2.54,2.54,2.54,115
ok,2024-05-06 09:00:00,2.5,2.5,2.5,2.5,138
ok,2024-05-06 09:30:00,2.5,2.5,2.5,2.5,100
ok,2024-05-06 10:00:00,2.52,2.56,2.5,2.5,1239
ok,2024-05-06 11:30:00,2.5,2.5,2.5,2.5,3389
ok,2024-05-06 12:30:00,2.53,2.53,2.53,2.53,200
ok,2024-05-06 14:00:00,2.52,2.54,2.52,2.53,495
ok,2024-05-06 14:30:00,2.52,2.52,2.52,2.52,100
ok,2024-05-07 08:30:00,2.62,2.62,2.51,2.52,1023
ok,2024-05-07 09:00:00,2.55,2.56,2.55,2.56,1103
ok,2024-05-07 10:00:00,2.5,2.56,2.5,2.56,968
ok,2024-05-07 10:30:00,2.5,2.5,2.5,2.5,300
ok,2024-05-07 11:30:00,2.51,2.52,2.51,2.51,954
ok,2024-05-07 12:30:00,2.57,2.57,2.51,2.51,237
ok,2024-05-07 14:30:00,2.51,2.51,2.51,2.51,100
ok,2024-05-08 06:30:00,2.18,2.18,2.18,2.18,113
ok,2024-05-08 09:30:00,2.46,2.47,2.46,2.47,1000
ok,2024-05-08 12:30:00,2.5,2.5,2.5,2.5,114
ok,2024-05-09 09:00:00,2.48,2.48,2.48,2.48,112
ok,2024-05-09 10:30:00,2.36,2.47,2.36,2.47,1345
ok,2024-05-09 12:00:00,2.36,2.36,2.36,2.36,200
ok,2024-05-09 12:30:00,2.42,2.42,2.42,2.42,200
ok,2024-05-10 13:30:00,2.36,2.36,2.36,2.36,396
ok,2024-05-10 14:00:00,2.44,2.44,2.44,2.44,500
ok,2024-05-10 14:30:00,2.36,2.44,2.36,2.38,1385
ok,2024-05-13 08:30:00,2.42,2.42,2.42,2.42,302
ok,2024-05-13 09:00:00,2.36,2.37,2.35,2.35,1653
ok,2024-05-13 09:30:00,2.33,2.34,2.32,2.34,1150
ok,2024-05-13 10:30:00,2.32,2.33,2.32,2.32,1000
ok,2024-05-13 12:00:00,2.32,2.34,2.32,2.34,923
ok,2024-05-13 13:00:00,2.33,2.33,2.33,2.33,500
ok,2024-05-13 14:00:00,2.34,2.34,2.32,2.32,248
ok,2024-05-13 14:30:00,2.41,2.41,2.39,2.39,400
ok,2024-05-14 08:30:00,2.39,2.39,2.26,2.26,1839
ok,2024-05-14 09:00:00,2.27,2.27,2.26,2.26,1000
ok,2024-05-14 09:30:00,2.26,2.26,2.26,2.26,1000
ok,2024-05-14 10:00:00,2.39,2.39,2.27,2.27,425
ok,2024-05-14 12:00:00,2.34,2.34,2.28,2.34,1243
ok,2024-05-14 14:30:00,2.34,2.34,2.34,2.34,500
ok,2024-05-15 08:30:00,2.32,2.32,2.32,2.32,331
ok,2024-05-15 10:00:00,2.32,2.33,2.31,2.31,861
ok,2024-05-15 11:30:00,2.3,2.3,2.3,2.3,101
ok,2024-05-15 12:00:00,2.3,2.3,2.3,2.3,612
ok,2024-05-15 12:30:00,2.26,2.26,2.26,2.26,2080
ok,2024-05-15 13:00:00,2.27,2.27,2.27,2.27,149
ok,2024-05-15 13:30:00,2.28,2.28,2.25,2.25,7148
ok,2024-05-15 14:00:00,2.3,2.3,2.3,2.3,5000
ok,2024-05-15 14:30:00,2.32,2.32,2.28,2.31,2000
ok,2024-05-16 11:00:00,2.32,2.32,2.32,2.32,620
ok,2024-05-16 11:30:00,2.3,2.3,2.3,2.3,200
ok,2024-05-16 13:00:00,2.26,2.26,2.26,2.26,400
ok,2024-05-16 14:00:00,2.29,2.29,2.29,2.29,200
ok,2024-05-16 14:30:00,2.28,2.3,2.28,2.3,1843
ok,2024-05-17 08:30:00,2.31,2.32,2.31,2.32,372
ok,2024-05-20 06:30:00,2.4,2.4,2.4,2.4,297
ok,2024-05-20 08:30:00,2.27,2.3,2.26,2.3,1130
ok,2024-05-20 10:00:00,2.32,2.32,2.32,2.32,1000
ok,2024-05-20 10:30:00,2.33,2.33,2.32,2.32,200
ok,2024-05-20 12:30:00,2.34,2.34,2.34,2.34,121
ok,2024-05-20 14:00:00,2.33,2.33,2.33,2.33,176
ok,2024-05-20 14:30:00,2.32,2.32,2.32,2.32,958
ok,2024-05-21 09:00:00,2.23,2.33,2.23,2.33,892
ok,2024-05-21 10:30:00,2.33,2.33,2.33,2.33,1500
ok,2024-05-21 11:00:00,2.27,2.27,2.23,2.25,1593
ok,2024-05-21 11:30:00,2.28,2.28,2.28,2.28,225
ok,2024-05-21 14:30:00,2.33,2.33,2.33,2.33,300
ok,2024-05-22 08:30:00,2.36,2.36,2.36,2.36,100
ok,2024-05-22 09:00:00,2.3,2.3,2.3,2.3,552
ok,2024-05-22 10:00:00,2.34,2.34,2.34,2.34,104
ok,2024-05-22 12:00:00,2.31,2.31,2.3,2.3,550
ok,2024-05-22 12:30:00,2.3,2.3,2.3,2.3,738
ok,2024-05-22 13:00:00,2.3,2.3,2.3,2.3,200
ok,2024-05-22 13:30:00,2.3,2.3,2.3,2.3,200
ok,2024-05-22 14:00:00,2.3,2.3,2.3,2.3,900
ok,2024-05-23 08:30:00,2.26,2.26,2.26,2.26,681
ok,2024-05-23 09:30:00,2.26,2.32,2.26,2.32,200
ok,2024-05-23 14:00:00,2.31,2.31,2.31,2.31,200
ok,2024-05-24 08:30:00,2.25,2.3,2.25,2.3,2600
ok,2024-05-24 11:30:00,2.26,2.28,2.25,2.25,4264
ok,2024-05-24 12:30:00,2.25,2.25,2.25,2.25,100
ok,2024-05-24 13:00:00,2.25,2.26,2.2,2.2,600
ok,2024-05-24 14:30:00,2.25,2.25,2.25,2.25,994
ok,2024-05-28 08:30:00,2.3,2.3,2.3,2.3,630
ok,2024-05-28 09:00:00,2.34,2.35,2.34,2.35,578
ok,2024-05-28 09:30:00,2.35,2.35,2.35,2.35,100
ok,2024-05-28 10:30:00,2.33,2.33,2.33,2.33,201
ok,2024-05-28 11:00:00,2.34,2.34,2.34,2.34,101
ok,2024-05-28 13:30:00,2.33,2.33,2.33,2.33,172
ok,2024-05-29 10:00:00,2.3,2.31,2.3,2.31,3084
ok,2024-05-29 10:30:00,2.32,2.32,2.32,2.32,100
ok,2024-05-29 11:30:00,2.32,2.32,2.32,2.32,300
ok,2024-05-29 12:30:00,2.31,2.31,2.3,2.3,791
ok,2024-05-29 14:30:00,2.34,2.34,2.34,2.34,174
ok,2024-05-30 08:30:00,2.32,2.38,2.32,2.38,700
ok,2024-05-30 10:30:00,2.32,2.32,2.32,2.32,364
ok,2024-05-30 14:30:00,2.32,2.32,2.32,2.32,2240
ok,2024-05-31 08:30:00,2.32,2.32,2.32,2.32,250
ok,2024-05-31 09:30:00,2.36,2.36,2.36,2.36,1500
ok,2024-05-31 10:30:00,2.34,2.34,2.34,2.34,1000
ok,2024-05-31 11:30:00,2.33,2.33,2.33,2.33,374
ok,2024-05-31 12:30:00,2.38,2.38,2.38,2.38,300
ok,2024-05-31 14:00:00,2.35,2.37,2.35,2.35,3055
ok,2024-05-31 14:30:00,2.36,2.36,2.36,2.36,358
ok,2024-06-03 08:30:00,2.3,2.3,2.3,2.3,100
ok,2024-06-03 10:30:00,2.34,2.34,2.34,2.34,100
ok,2024-06-03 13:30:00,2.3,2.3,2.3,2.3,654
ok,2024-06-04 09:30:00,2.26,2.26,2.25,2.26,742
ok,2024-06-04 14:00:00,2.3,2.3,2.3,2.3,100
ok,2024-06-05 09:00:00,2.3,2.3,2.3,2.3,1288
ok,2024-06-05 09:30:00,2.3,2.3,2.3,2.3,265
ok,2024-06-05 10:30:00,2.33,2.33,2.33,2.33,217
ok,2024-06-05 13:30:00,2.35,2.35,2.35,2.35,430
ok,2024-06-05 18:30:00,2.59,2.59,2.59,2.59,100
ok,2024-06-06 07:30:00,2.2,2.2,2.2,2.2,258
ok,2024-06-06 09:30:00,2.31,2.31,2.31,2.31,1000
ok,2024-06-06 12:00:00,2.3,2.3,2.3,2.3,910
ok,2024-06-06 12:30:00,2.28,2.28,2.28,2.28,416
ok,2024-06-06 13:00:00,2.29,2.29,2.29,2.29,180
ok,2024-06-06 13:30:00,2.28,2.28,2.27,2.27,2035
ok,2024-06-06 14:30:00,2.29,2.3,2.29,2.3,1000
ok,2024-06-07 08:30:00,2.25,2.25,2.25,2.25,500
ok,2024-06-07 12:30:00,2.25,2.3,2.25,2.3,7298
ok,2024-06-07 14:00:00,2.22,2.23,2.22,2.23,2292
ok,2024-06-07 15:00:00,2.2,2.2,2.2,2.2,382
ok,2024-06-10 06:00:00,2.1,2.1,2.1,2.1,545
ok,2024-06-10 08:30:00,2.22,2.22,2.22,2.22,469
ok,2024-06-10 09:00:00,2.23,2.23,2.23,2.23,200
ok,2024-06-10 10:30:00,2.26,2.3,2.22,2.3,2922
ok,2024-06-10 11:00:00,2.24,2.24,2.24,2.24,209
ok,2024-06-10 13:30:00,2.28,2.28,2.28,2.28,625
ok,2024-06-10 14:30:00,2.24,2.3,2.24,2.26,621
ok,2024-06-11 06:30:00,2.18,2.18,2.18,2.18,212
ok,2024-06-12 08:30:00,2.18,2.18,2.18,2.18,1370
ok,2024-06-12 09:00:00,2.18,2.18,2.18,2.18,100
ok,2024-06-12 09:30:00,2.24,2.24,2.24,2.24,652
ok,2024-06-12 10:30:00,2.24,2.24,2.24,2.24,300
ok,2024-06-12 13:30:00,2.24,2.24,2.24,2.24,1254
ok,2024-06-13 13:30:00,2.18,2.2,2.18,2.2,497
ok,2024-06-13 14:00:00,2.2,2.24,2.2,2.24,2848
ok,2024-06-13 18:30:00,2.24,2.24,2.24,2.24,100
ok,2024-06-14 11:00:00,2.18,2.18,2.18,2.18,100
ok,2024-06-14 11:30:00,2.2,2.2,2.18,2.18,1760
ok,2024-06-14 12:00:00,2.16,2.19,2.16,2.17,788
ok,2024-06-14 12:30:00,2.16,2.16,2.16,2.16,634
ok,2024-06-14 13:00:00,2.16,2.16,2.16,2.16,100
ok,2024-06-14 14:30:00,2.23,2.23,2.17,2.17,1100
ok,2024-06-17 08:30:00,2.19,2.19,2.17,2.17,1600
ok,2024-06-17 09:30:00,2.22,2.22,2.2,2.2,1900
ok,2024-06-17 10:00:00,2.21,2.21,2.21,2.21,1000
ok,2024-06-17 11:00:00,2.18,2.18,2.18,2.18,125
ok,2024-06-17 12:00:00,2.19,2.2,2.19,2.2,300
ok,2024-06-17 13:30:00,2.18,2.18,2.15,2.17,1425
ok,2024-06-17 14:00:00,2.15,2.15,2.1,2.1,1045
ok,2024-06-17 14:30:00,2.1,2.1,2.1,2.1,120
ok,2024-06-18 08:30:00,2.11,2.11,2.11,2.11,100
ok,2024-06-18 09:00:00,2.1,2.17,2.1,2.17,1000
ok,2024-06-18 12:30:00,2.14,2.14,2.1,2.1,1101
ok,2024-06-18 13:00:00,2.1,2.1,2.1,2.1,100
ok,2024-06-18 14:00:00,2.12,2.12,2.12,2.12,300
ok,2024-06-20 08:30:00,2.11,2.11,2.11,2.11,188
ok,2024-06-20 10:00:00,2.15,2.19,2.15,2.19,1000
ok,2024-06-20 12:30:00,2.17,2.17,2.17,2.17,157
ok,2024-06-20 13:30:00,2.15,2.15,2.15,2.15,1000
ok,2024-06-20 14:30:00,2.15,2.15,2.15,2.15,380
ok,2024-06-21 09:00:00,2.11,2.11,2.1,2.1,700
ok,2024-06-21 11:30:00,2.1,2.13,2.1,2.13,1400
ok,2024-06-21 13:00:00,2.13,2.14,2.13,2.14,5134
ok,2024-06-21 13:30:00,2.14,2.15,2.13,2.15,4465
ok,2024-06-21 14:30:00,2.15,2.24,2.12,2.12,3316
